{"cameraMode":{"drawMode":0,"name":"Shaded","section":"Shading Mode"},"sceneLighting":true,"audioPlay":false,"sceneViewState":{"m_AlwaysRefresh":false,"showFog":true,"showSkybox":true,"showFlares":true,"showImageEffects":true,"showParticleSystems":true,"showVisualEffectGraphs":true,"m_FxEnabled":true},"in2DMode":false,"pivot":{"x":0.9950389862060547,"y":-0.8555507659912109,"z":-0.1599125862121582},"rotation":{"x":-0.18901820480823518,"y":0.8047295808792114,"z":-0.33815816044807436,"w":-0.44981420040130618},"size":6.981812477111816,"orthographic":false}